2c944c3c	こんにちは
056e1d67	おはようございます
aa4b7a73	こんばんは
63611ddc	ありがとうございます
4f733773	すみません
72c16d2e	はい
b9b8d387	いいえ
ea77c9b4	だいじょうぶです
ac7c4f88	おねがいします
ef2db768	どうぞ
bde0060a	いただきます
9ce64ccd	ごちそうさまでした
d068c4eb	さようなら
2e2fb600	はじめまして
844e112f	わたしはゲオルクです
9339f0ea	わたしはズザンです
0b28af36	わたしはシャルロッテです
ef57d1f3	わたしはヘンリエッテです
fdfb5995	ドイツからきました
a206c259	わたしたちはかぞくです
9eaf5993	よろしくおねがいします
e22154f6	にほんごがすこしわかります
13935911	わかりません
a11447a4	もういちどおねがいします
46f91c8e	ゆっくりおねがいします
8bef2b54	えいごははなせますか
8a76d5d5	トイレはどこですか
adb35aba	かわいい！
c7252b85	あ
c1252213	い
c3252539	う
cd2534f7	え
cf25381d	お
ce25368a	か
c8252d18	き
ca25303e	く
d4253ffc	け
d6254322	こ
d02539b0	さ
d2253cd6	し
dc254c94	す
de254fba	せ
d8254648	そ
da25496e	た
e425592c	ち
e1255473	つ
e3255799	て
ed256757	と
7f5c0976	いち
ee2568ea	に
cd4d6219	さん
d50da22c	よん
d1253b43	ご
69328c35	ろく
8eccd235	なな
97c1a76d	はち
8aa982b3	きゅう
d617afc0	じゅう
4048be97	ひゃく
de072d8b	せん
455be651	いちまん
d3820df0	いくらですか
060bcc46	せんえんです
2dea7f40	いらっしゃいませ
97065b8e	これをください
91e76a81	これはなんですか
703523aa	おにぎり
984d9115	おちゃ
5cb5f9fc	みず
30c554cf	アイスクリーム
46393ac3	ふくろはいりますか
9299fa78	あたためますか
1da0cc60	はい、おねがいします
f241a929	カードでおねがいします
327d623a	げんきんでおねがいします
114a481d	おはしをください
4991e33d	なんめいさまですか
db19898d	よにんです
13146e59	メニューをおねがいします
fd126c93	えいごのメニューはありますか
20d626a1	おすすめはなんですか
1ba13b99	ひとつ
9c0779bb	ふたつ
809d1349	みっつ
cb970688	よっつ
c93528e9	これをひとつおねがいします
941b21fc	おみずをください
fb3df4bd	こどものメニューはありますか
2fdd4f73	おいしい！
9e9b7766	とてもおいしいです
fb8b88c8	ラーメン
520366f9	すし
ac311b8e	ぎょうざ
1023ac09	からあげ
9718a6d0	からいですか
01976b70	もうひとつおねがいします
4abb7dee	おなかがいっぱいです
6b5f447d	かんぱい！
b279b3c2	おかいけいをおねがいします
bab94805	カードはつかえますか
ef256a7d	な
e925610b	ぬ
e8255f78	ね
eb256431	の
ea25629e	は
f7257715	ひ
f0256c10	ふ
fd258087	へ
fe25821a	ほ
fb257d61	ま
fa257bce	み
8524c39f	む
8424c20c	め
8724c6c5	も
8124bd53	や
8324c079	ゆ
8d24d037	よ
8c24cea4	ら
8f24d35d	り
8e24d1ca	る
8924c9eb	れ
8824c858	ろ
8a24cb7e	わ
9724dff5	を
9624de62	ん
c9252eab	が
d3253e69	ざ
e5255abf	だ
f52573ef	ば
f425725c	ぱ
036f3df8	こんにちは。よろしくおねがいします。
5d4ceb6c	すみません、ラーメンをひとつおねがいします。
